<?xml version="1.0" encoding="utf-8"?>
<productAdditionalComps>
   <dependsOn>
      <component>
         <name>Bz4Cast</name>
         <locale/>
         <platformList>
            <platform>maci64</platform>
         </platformList>
         <version>8.4</version>
      </component>
   </dependsOn>
   <isControllingProduct>true</isControllingProduct>
   <platform>maci64</platform>
   <productName>Bz4Cast</productName>
   <productNumber>5000</productNumber>
   <productBaseCode>Bz4Cast</productBaseCode>
   <productVersion>8.4</productVersion>
   <releaseFamily>R2017b</releaseFamily>
   <releaseDescription>R2017b</releaseDescription>
</productAdditionalComps>