<?xml version="1.0" encoding="utf-8"?>
<ApplicationInstallerManifest>
   <DefaultInstallationDirectory>/Applications/Bz4Cast8_4/</DefaultInstallationDirectory>
   <ApplicationName>Bz4Cast</ApplicationName>
   <ExecutableName>application/Bz4Cast.exe</ExecutableName>
   <GUID>4c419ede-0f6a-429b-a317-24b18f663eb8</GUID>
   <ApplicationIcon>icon_48.png</ApplicationIcon>
   <Logo>logo9043044713428369617.tmp</Logo>
   <Version>8.4</Version>
   <InstallationNotes>In the following directions, replace MR by the directory where MATLAB or the MATLAB Runtime is installed on the target machine.

If the environment variable DYLD_LIBRARY_PATH is undefined, set it to the following string:

MR/v93/runtime/maci64:MR/v93/sys/os/maci64:MR/v93/bin/maci64

If it is defined, set it to the following:

${DYLD_LIBRARY_PATH}:MR/v93/runtime/maci64:MR/v93/sys/os/maci64:MR/v93/bin/maci64</InstallationNotes>
   <AuthorOrganization>NASAA GSFC / UMBC</AuthorOrganization>
   <Summary>Bz prediction Standalone. Version 8.4. DSCOVR + historical ACE</Summary>
   <WelcomePanelText>Bz4Cast 8.4
Bz prediction Standalone. Version 8.4. DSCOVR + historical ACE

L1 DSCOVR data. Uses ACE if data is prior to DSCOVR launch.
OUTPUT. 2 Text files of model results. Bfield prediction and Kp prediction in ASCII. (future version might give JSON)
OUPUT. 3 visual figures of the model outputs.

Neel Savani
neel.savani@umbc.edu</WelcomePanelText>
   <MCRProducts>
      <MCRProduct>
         <ExternalProductIdentifier>35000</ExternalProductIdentifier>
      </MCRProduct>
      <MCRProduct>
         <ExternalProductIdentifier>35010</ExternalProductIdentifier>
      </MCRProduct>
   </MCRProducts>
</ApplicationInstallerManifest>